{
  "auth": {
    "userPoolGroups": {
      "service": "Cognito-UserPool-Groups",
      "providerPlugin": "awscloudformation",
      "dependsOn": [
        {
          "category": "auth",
          "resourceName": "safeafe5208f",
          "attributes": [
            "UserPoolId",
            "AppClientIDWeb",
            "AppClientID",
            "IdentityPoolId"
          ]
        }
      ]
    },
    "safeafe5208f": {
      "service": "Cognito",
      "providerPlugin": "awscloudformation",
      "dependsOn": [],
      "customAuth": false
    }
  },
  "api": {
    "AdminQueries": {
      "service": "API Gateway",
      "providerPlugin": "awscloudformation",
      "authorizationType": "AMAZON_COGNITO_USER_POOLS",
      "dependsOn": [
        {
          "category": "auth",
          "resourceName": "safeafe5208f",
          "attributes": [
            "UserPoolId"
          ]
        },
        {
          "category": "function",
          "resourceName": "AdminQueries4757b5b2",
          "attributes": [
            "Arn",
            "Name"
          ]
        }
      ]
    },
    "safegraphql": {
      "service": "AppSync",
      "providerPlugin": "awscloudformation",
      "output": {
        "authConfig": {
          "defaultAuthentication": {
            "authenticationType": "AMAZON_COGNITO_USER_POOLS",
            "userPoolConfig": {
              "userPoolId": "authsafeafe5208f"
            }
          },
          "additionalAuthenticationProviders": []
        }
      }
    }
  },
  "function": {
    "AdminQueries4757b5b2": {
      "service": "Lambda",
      "providerPlugin": "awscloudformation",
      "build": true,
      "dependsOn": [
        {
          "category": "auth",
          "resourceName": "safeafe5208f",
          "attributes": [
            "UserPoolId"
          ]
        }
      ]
    },
    "safeOperatorApi": {
      "build": true,
      "providerPlugin": "awscloudformation",
      "service": "Lambda",
      "dependsOn": []
    },
    "safeLoginApi": {
      "build": true,
      "providerPlugin": "awscloudformation",
      "service": "Lambda",
      "dependsOn": []
    },
    "safeAdminApi": {
      "build": true,
      "providerPlugin": "awscloudformation",
      "service": "Lambda",
      "dependsOn": []
    }
  },
  "custom": {
    "cfnAdminUser": {
      "service": "customCloudformation",
      "providerPlugin": "awscloudformation",
      "dependsOn": [
        {
          "category": "auth",
          "resourceName": "safeafe5208f",
          "attributes": [
            "IdentityPoolId",
            "IdentityPoolName",
            "UserPoolId",
            "UserPoolArn",
            "UserPoolName",
            "AppClientIDWeb",
            "AppClientID"
          ]
        },
        {
          "category": "auth",
          "resourceName": "userPoolGroups",
          "attributes": [
            "adminGroupRole",
            "operatorGroupRole"
          ]
        }
      ]
    }
  }
}